"REF_DATE","GEO","DGUID","Population centre and rural areas","Class of worker","North American Industry Classification System (NAICS)","UOM","UOM_ID","SCALAR_FACTOR","SCALAR_ID","VECTOR","COORDINATE","VALUE","STATUS","SYMBOL","TERMINATED","DECIMALS"
"2011-01","Ontario","2016A000235","Census metropolitan area and census agglomeration","Total employed, all classes of workers","Services-producing sector","Persons","249","thousands","3","v1235027703","7.2.1.8","4711.7","","","","1"
"2011-02","Ontario","2016A000235","Census metropolitan area and census agglomeration","Total employed, all classes of workers","Services-producing sector","Persons","249","thousands","3","v1235027703","7.2.1.8","4686.6","","","","1"
"2011-03","Ontario","2016A000235","Census metropolitan area and census agglomeration","Total employed, all classes of workers","Services-producing sector","Persons","249","thousands","3","v1235027703","7.2.1.8","4708.6","","","","1"
"2011-04","Ontario","2016A000235","Census metropolitan area and census agglomeration","Total employed, all classes of workers","Services-producing sector","Persons","249","thousands","3","v1235027703","7.2.1.8","4774.8","","","","1"
"2011-05","Ontario","2016A000235","Census metropolitan area and census agglomeration","Total employed, all classes of workers","Services-producing sector","Persons","249","thousands","3","v1235027703","7.2.1.8","4799.5","","","","1"
"2011-06","Ontario","2016A000235","Census metropolitan area and census agglomeration","Total employed, all classes of workers","Services-producing sector","Persons","249","thousands","3","v1235027703","7.2.1.8","4865.6","","","","1"
"2011-07","Ontario","2016A000235","Census metropolitan area and census agglomeration","Total employed, all classes of workers","Services-producing sector","Persons","249","thousands","3","v1235027703","7.2.1.8","4814.2","","","","1"
"2011-08","Ontario","2016A000235","Census metropolitan area and census agglomeration","Total employed, all classes of workers","Services-producing sector","Persons","249","thousands","3","v1235027703","7.2.1.8","4842.0","","","","1"
"2011-09","Ontario","2016A000235","Census metropolitan area and census agglomeration","Total employed, all classes of workers","Services-producing sector","Persons","249","thousands","3","v1235027703","7.2.1.8","4751.5","","","","1"
"2011-10","Ontario","2016A000235","Census metropolitan area and census agglomeration","Total employed, all classes of workers","Services-producing sector","Persons","249","thousands","3","v1235027703","7.2.1.8","4761.7","","","","1"
"2011-11","Ontario","2016A000235","Census metropolitan area and census agglomeration","Total employed, all classes of workers","Services-producing sector","Persons","249","thousands","3","v1235027703","7.2.1.8","4807.6","","","","1"
"2011-12","Ontario","2016A000235","Census metropolitan area and census agglomeration","Total employed, all classes of workers","Services-producing sector","Persons","249","thousands","3","v1235027703","7.2.1.8","4811.2","","","","1"
"2012-01","Ontario","2016A000235","Census metropolitan area and census agglomeration","Total employed, all classes of workers","Services-producing sector","Persons","249","thousands","3","v1235027703","7.2.1.8","4747.6","","","","1"
"2012-02","Ontario","2016A000235","Census metropolitan area and census agglomeration","Total employed, all classes of workers","Services-producing sector","Persons","249","thousands","3","v1235027703","7.2.1.8","4743.2","","","","1"
"2012-03","Ontario","2016A000235","Census metropolitan area and census agglomeration","Total employed, all classes of workers","Services-producing sector","Persons","249","thousands","3","v1235027703","7.2.1.8","4770.0","","","","1"
"2012-04","Ontario","2016A000235","Census metropolitan area and census agglomeration","Total employed, all classes of workers","Services-producing sector","Persons","249","thousands","3","v1235027703","7.2.1.8","4812.8","","","","1"
"2012-05","Ontario","2016A000235","Census metropolitan area and census agglomeration","Total employed, all classes of workers","Services-producing sector","Persons","249","thousands","3","v1235027703","7.2.1.8","4834.0","","","","1"
"2012-06","Ontario","2016A000235","Census metropolitan area and census agglomeration","Total employed, all classes of workers","Services-producing sector","Persons","249","thousands","3","v1235027703","7.2.1.8","4863.5","","","","1"
"2012-07","Ontario","2016A000235","Census metropolitan area and census agglomeration","Total employed, all classes of workers","Services-producing sector","Persons","249","thousands","3","v1235027703","7.2.1.8","4858.1","","","","1"
"2012-08","Ontario","2016A000235","Census metropolitan area and census agglomeration","Total employed, all classes of workers","Services-producing sector","Persons","249","thousands","3","v1235027703","7.2.1.8","4852.7","","","","1"
"2012-09","Ontario","2016A000235","Census metropolitan area and census agglomeration","Total employed, all classes of workers","Services-producing sector","Persons","249","thousands","3","v1235027703","7.2.1.8","4821.6","","","","1"
"2012-10","Ontario","2016A000235","Census metropolitan area and census agglomeration","Total employed, all classes of workers","Services-producing sector","Persons","249","thousands","3","v1235027703","7.2.1.8","4860.2","","","","1"
"2012-11","Ontario","2016A000235","Census metropolitan area and census agglomeration","Total employed, all classes of workers","Services-producing sector","Persons","249","thousands","3","v1235027703","7.2.1.8","4891.7","","","","1"
"2012-12","Ontario","2016A000235","Census metropolitan area and census agglomeration","Total employed, all classes of workers","Services-producing sector","Persons","249","thousands","3","v1235027703","7.2.1.8","4932.1","","","","1"
"2013-01","Ontario","2016A000235","Census metropolitan area and census agglomeration","Total employed, all classes of workers","Services-producing sector","Persons","249","thousands","3","v1235027703","7.2.1.8","4882.2","","","","1"
"2013-02","Ontario","2016A000235","Census metropolitan area and census agglomeration","Total employed, all classes of workers","Services-producing sector","Persons","249","thousands","3","v1235027703","7.2.1.8","4888.0","","","","1"
"2013-03","Ontario","2016A000235","Census metropolitan area and census agglomeration","Total employed, all classes of workers","Services-producing sector","Persons","249","thousands","3","v1235027703","7.2.1.8","4845.5","","","","1"
"2013-04","Ontario","2016A000235","Census metropolitan area and census agglomeration","Total employed, all classes of workers","Services-producing sector","Persons","249","thousands","3","v1235027703","7.2.1.8","4878.0","","","","1"
"2013-05","Ontario","2016A000235","Census metropolitan area and census agglomeration","Total employed, all classes of workers","Services-producing sector","Persons","249","thousands","3","v1235027703","7.2.1.8","4959.4","","","","1"
"2013-06","Ontario","2016A000235","Census metropolitan area and census agglomeration","Total employed, all classes of workers","Services-producing sector","Persons","249","thousands","3","v1235027703","7.2.1.8","5005.5","","","","1"
"2013-07","Ontario","2016A000235","Census metropolitan area and census agglomeration","Total employed, all classes of workers","Services-producing sector","Persons","249","thousands","3","v1235027703","7.2.1.8","4952.7","","","","1"
"2013-08","Ontario","2016A000235","Census metropolitan area and census agglomeration","Total employed, all classes of workers","Services-producing sector","Persons","249","thousands","3","v1235027703","7.2.1.8","4978.6","","","","1"
"2013-09","Ontario","2016A000235","Census metropolitan area and census agglomeration","Total employed, all classes of workers","Services-producing sector","Persons","249","thousands","3","v1235027703","7.2.1.8","4946.3","","","","1"
"2013-10","Ontario","2016A000235","Census metropolitan area and census agglomeration","Total employed, all classes of workers","Services-producing sector","Persons","249","thousands","3","v1235027703","7.2.1.8","4945.3","","","","1"
"2013-11","Ontario","2016A000235","Census metropolitan area and census agglomeration","Total employed, all classes of workers","Services-producing sector","Persons","249","thousands","3","v1235027703","7.2.1.8","4949.9","","","","1"
"2013-12","Ontario","2016A000235","Census metropolitan area and census agglomeration","Total employed, all classes of workers","Services-producing sector","Persons","249","thousands","3","v1235027703","7.2.1.8","4945.3","","","","1"
"2014-01","Ontario","2016A000235","Census metropolitan area and census agglomeration","Total employed, all classes of workers","Services-producing sector","Persons","249","thousands","3","v1235027703","7.2.1.8","4898.6","","","","1"
"2014-02","Ontario","2016A000235","Census metropolitan area and census agglomeration","Total employed, all classes of workers","Services-producing sector","Persons","249","thousands","3","v1235027703","7.2.1.8","4919.4","","","","1"
"2014-03","Ontario","2016A000235","Census metropolitan area and census agglomeration","Total employed, all classes of workers","Services-producing sector","Persons","249","thousands","3","v1235027703","7.2.1.8","4902.8","","","","1"
"2014-04","Ontario","2016A000235","Census metropolitan area and census agglomeration","Total employed, all classes of workers","Services-producing sector","Persons","249","thousands","3","v1235027703","7.2.1.8","4948.7","","","","1"
"2014-05","Ontario","2016A000235","Census metropolitan area and census agglomeration","Total employed, all classes of workers","Services-producing sector","Persons","249","thousands","3","v1235027703","7.2.1.8","4992.6","","","","1"
"2014-06","Ontario","2016A000235","Census metropolitan area and census agglomeration","Total employed, all classes of workers","Services-producing sector","Persons","249","thousands","3","v1235027703","7.2.1.8","5024.0","","","","1"
"2014-07","Ontario","2016A000235","Census metropolitan area and census agglomeration","Total employed, all classes of workers","Services-producing sector","Persons","249","thousands","3","v1235027703","7.2.1.8","5001.3","","","","1"
"2014-08","Ontario","2016A000235","Census metropolitan area and census agglomeration","Total employed, all classes of workers","Services-producing sector","Persons","249","thousands","3","v1235027703","7.2.1.8","5017.3","","","","1"
"2014-09","Ontario","2016A000235","Census metropolitan area and census agglomeration","Total employed, all classes of workers","Services-producing sector","Persons","249","thousands","3","v1235027703","7.2.1.8","4979.0","","","","1"
"2014-10","Ontario","2016A000235","Census metropolitan area and census agglomeration","Total employed, all classes of workers","Services-producing sector","Persons","249","thousands","3","v1235027703","7.2.1.8","5003.7","","","","1"
"2014-11","Ontario","2016A000235","Census metropolitan area and census agglomeration","Total employed, all classes of workers","Services-producing sector","Persons","249","thousands","3","v1235027703","7.2.1.8","4992.4","","","","1"
"2014-12","Ontario","2016A000235","Census metropolitan area and census agglomeration","Total employed, all classes of workers","Services-producing sector","Persons","249","thousands","3","v1235027703","7.2.1.8","5002.0","","","","1"
"2015-01","Ontario","2016A000235","Census metropolitan area and census agglomeration","Total employed, all classes of workers","Services-producing sector","Persons","249","thousands","3","v1235027703","7.2.1.8","4952.5","","","","1"
"2015-02","Ontario","2016A000235","Census metropolitan area and census agglomeration","Total employed, all classes of workers","Services-producing sector","Persons","249","thousands","3","v1235027703","7.2.1.8","4983.6","","","","1"
"2015-03","Ontario","2016A000235","Census metropolitan area and census agglomeration","Total employed, all classes of workers","Services-producing sector","Persons","249","thousands","3","v1235027703","7.2.1.8","4989.4","","","","1"
"2015-04","Ontario","2016A000235","Census metropolitan area and census agglomeration","Total employed, all classes of workers","Services-producing sector","Persons","249","thousands","3","v1235027703","7.2.1.8","4986.6","","","","1"
"2015-05","Ontario","2016A000235","Census metropolitan area and census agglomeration","Total employed, all classes of workers","Services-producing sector","Persons","249","thousands","3","v1235027703","7.2.1.8","5054.9","","","","1"
"2015-06","Ontario","2016A000235","Census metropolitan area and census agglomeration","Total employed, all classes of workers","Services-producing sector","Persons","249","thousands","3","v1235027703","7.2.1.8","5089.3","","","","1"
"2015-07","Ontario","2016A000235","Census metropolitan area and census agglomeration","Total employed, all classes of workers","Services-producing sector","Persons","249","thousands","3","v1235027703","7.2.1.8","5038.6","","","","1"
"2015-08","Ontario","2016A000235","Census metropolitan area and census agglomeration","Total employed, all classes of workers","Services-producing sector","Persons","249","thousands","3","v1235027703","7.2.1.8","5059.3","","","","1"
"2015-09","Ontario","2016A000235","Census metropolitan area and census agglomeration","Total employed, all classes of workers","Services-producing sector","Persons","249","thousands","3","v1235027703","7.2.1.8","4982.3","","","","1"
"2015-10","Ontario","2016A000235","Census metropolitan area and census agglomeration","Total employed, all classes of workers","Services-producing sector","Persons","249","thousands","3","v1235027703","7.2.1.8","5023.6","","","","1"
"2015-11","Ontario","2016A000235","Census metropolitan area and census agglomeration","Total employed, all classes of workers","Services-producing sector","Persons","249","thousands","3","v1235027703","7.2.1.8","5017.1","","","","1"
"2015-12","Ontario","2016A000235","Census metropolitan area and census agglomeration","Total employed, all classes of workers","Services-producing sector","Persons","249","thousands","3","v1235027703","7.2.1.8","5042.8","","","","1"
"2016-01","Ontario","2016A000235","Census metropolitan area and census agglomeration","Total employed, all classes of workers","Services-producing sector","Persons","249","thousands","3","v1235027703","7.2.1.8","5018.1","","","","1"
"2016-02","Ontario","2016A000235","Census metropolitan area and census agglomeration","Total employed, all classes of workers","Services-producing sector","Persons","249","thousands","3","v1235027703","7.2.1.8","5020.3","","","","1"
"2016-03","Ontario","2016A000235","Census metropolitan area and census agglomeration","Total employed, all classes of workers","Services-producing sector","Persons","249","thousands","3","v1235027703","7.2.1.8","5014.5","","","","1"
"2016-04","Ontario","2016A000235","Census metropolitan area and census agglomeration","Total employed, all classes of workers","Services-producing sector","Persons","249","thousands","3","v1235027703","7.2.1.8","5043.9","","","","1"
"2016-05","Ontario","2016A000235","Census metropolitan area and census agglomeration","Total employed, all classes of workers","Services-producing sector","Persons","249","thousands","3","v1235027703","7.2.1.8","5110.9","","","","1"
"2016-06","Ontario","2016A000235","Census metropolitan area and census agglomeration","Total employed, all classes of workers","Services-producing sector","Persons","249","thousands","3","v1235027703","7.2.1.8","5158.7","","","","1"
"2016-07","Ontario","2016A000235","Census metropolitan area and census agglomeration","Total employed, all classes of workers","Services-producing sector","Persons","249","thousands","3","v1235027703","7.2.1.8","5064.5","","","","1"
"2016-08","Ontario","2016A000235","Census metropolitan area and census agglomeration","Total employed, all classes of workers","Services-producing sector","Persons","249","thousands","3","v1235027703","7.2.1.8","5059.3","","","","1"
"2016-09","Ontario","2016A000235","Census metropolitan area and census agglomeration","Total employed, all classes of workers","Services-producing sector","Persons","249","thousands","3","v1235027703","7.2.1.8","4981.6","","","","1"
"2016-10","Ontario","2016A000235","Census metropolitan area and census agglomeration","Total employed, all classes of workers","Services-producing sector","Persons","249","thousands","3","v1235027703","7.2.1.8","5030.6","","","","1"
"2016-11","Ontario","2016A000235","Census metropolitan area and census agglomeration","Total employed, all classes of workers","Services-producing sector","Persons","249","thousands","3","v1235027703","7.2.1.8","5085.4","","","","1"
"2016-12","Ontario","2016A000235","Census metropolitan area and census agglomeration","Total employed, all classes of workers","Services-producing sector","Persons","249","thousands","3","v1235027703","7.2.1.8","5077.7","","","","1"
"2017-01","Ontario","2016A000235","Census metropolitan area and census agglomeration","Total employed, all classes of workers","Services-producing sector","Persons","249","thousands","3","v1235027703","7.2.1.8","5072.1","","","","1"
"2017-02","Ontario","2016A000235","Census metropolitan area and census agglomeration","Total employed, all classes of workers","Services-producing sector","Persons","249","thousands","3","v1235027703","7.2.1.8","5101.5","","","","1"
"2017-03","Ontario","2016A000235","Census metropolitan area and census agglomeration","Total employed, all classes of workers","Services-producing sector","Persons","249","thousands","3","v1235027703","7.2.1.8","5110.6","","","","1"
"2017-04","Ontario","2016A000235","Census metropolitan area and census agglomeration","Total employed, all classes of workers","Services-producing sector","Persons","249","thousands","3","v1235027703","7.2.1.8","5148.8","","","","1"
"2017-05","Ontario","2016A000235","Census metropolitan area and census agglomeration","Total employed, all classes of workers","Services-producing sector","Persons","249","thousands","3","v1235027703","7.2.1.8","5255.1","","","","1"
"2017-06","Ontario","2016A000235","Census metropolitan area and census agglomeration","Total employed, all classes of workers","Services-producing sector","Persons","249","thousands","3","v1235027703","7.2.1.8","5295.0","","","","1"
"2017-07","Ontario","2016A000235","Census metropolitan area and census agglomeration","Total employed, all classes of workers","Services-producing sector","Persons","249","thousands","3","v1235027703","7.2.1.8","5290.1","","","","1"
"2017-08","Ontario","2016A000235","Census metropolitan area and census agglomeration","Total employed, all classes of workers","Services-producing sector","Persons","249","thousands","3","v1235027703","7.2.1.8","5303.3","","","","1"
"2017-09","Ontario","2016A000235","Census metropolitan area and census agglomeration","Total employed, all classes of workers","Services-producing sector","Persons","249","thousands","3","v1235027703","7.2.1.8","5244.8","","","","1"
"2017-10","Ontario","2016A000235","Census metropolitan area and census agglomeration","Total employed, all classes of workers","Services-producing sector","Persons","249","thousands","3","v1235027703","7.2.1.8","5262.3","","","","1"
"2017-11","Ontario","2016A000235","Census metropolitan area and census agglomeration","Total employed, all classes of workers","Services-producing sector","Persons","249","thousands","3","v1235027703","7.2.1.8","5299.5","","","","1"
"2017-12","Ontario","2016A000235","Census metropolitan area and census agglomeration","Total employed, all classes of workers","Services-producing sector","Persons","249","thousands","3","v1235027703","7.2.1.8","5279.5","","","","1"
"2018-01","Ontario","2016A000235","Census metropolitan area and census agglomeration","Total employed, all classes of workers","Services-producing sector","Persons","249","thousands","3","v1235027703","7.2.1.8","5203.0","","","","1"
"2018-02","Ontario","2016A000235","Census metropolitan area and census agglomeration","Total employed, all classes of workers","Services-producing sector","Persons","249","thousands","3","v1235027703","7.2.1.8","5226.9","","","","1"
"2018-03","Ontario","2016A000235","Census metropolitan area and census agglomeration","Total employed, all classes of workers","Services-producing sector","Persons","249","thousands","3","v1235027703","7.2.1.8","5225.2","","","","1"
"2018-04","Ontario","2016A000235","Census metropolitan area and census agglomeration","Total employed, all classes of workers","Services-producing sector","Persons","249","thousands","3","v1235027703","7.2.1.8","5286.4","","","","1"
"2018-05","Ontario","2016A000235","Census metropolitan area and census agglomeration","Total employed, all classes of workers","Services-producing sector","Persons","249","thousands","3","v1235027703","7.2.1.8","5360.2","","","","1"
"2018-06","Ontario","2016A000235","Census metropolitan area and census agglomeration","Total employed, all classes of workers","Services-producing sector","Persons","249","thousands","3","v1235027703","7.2.1.8","5396.5","","","","1"
"2018-07","Ontario","2016A000235","Census metropolitan area and census agglomeration","Total employed, all classes of workers","Services-producing sector","Persons","249","thousands","3","v1235027703","7.2.1.8","5436.3","","","","1"
"2018-08","Ontario","2016A000235","Census metropolitan area and census agglomeration","Total employed, all classes of workers","Services-producing sector","Persons","249","thousands","3","v1235027703","7.2.1.8","5349.4","","","","1"
"2018-09","Ontario","2016A000235","Census metropolitan area and census agglomeration","Total employed, all classes of workers","Services-producing sector","Persons","249","thousands","3","v1235027703","7.2.1.8","5313.7","","","","1"
"2018-10","Ontario","2016A000235","Census metropolitan area and census agglomeration","Total employed, all classes of workers","Services-producing sector","Persons","249","thousands","3","v1235027703","7.2.1.8","5374.3","","","","1"
"2018-11","Ontario","2016A000235","Census metropolitan area and census agglomeration","Total employed, all classes of workers","Services-producing sector","Persons","249","thousands","3","v1235027703","7.2.1.8","5410.0","","","","1"
"2018-12","Ontario","2016A000235","Census metropolitan area and census agglomeration","Total employed, all classes of workers","Services-producing sector","Persons","249","thousands","3","v1235027703","7.2.1.8","5435.1","","","","1"
"2019-01","Ontario","2016A000235","Census metropolitan area and census agglomeration","Total employed, all classes of workers","Services-producing sector","Persons","249","thousands","3","v1235027703","7.2.1.8","5429.4","","","","1"
"2019-02","Ontario","2016A000235","Census metropolitan area and census agglomeration","Total employed, all classes of workers","Services-producing sector","Persons","249","thousands","3","v1235027703","7.2.1.8","5463.1","","","","1"
"2019-03","Ontario","2016A000235","Census metropolitan area and census agglomeration","Total employed, all classes of workers","Services-producing sector","Persons","249","thousands","3","v1235027703","7.2.1.8","5443.5","","","","1"
"2019-04","Ontario","2016A000235","Census metropolitan area and census agglomeration","Total employed, all classes of workers","Services-producing sector","Persons","249","thousands","3","v1235027703","7.2.1.8","5487.9","","","","1"
"2019-05","Ontario","2016A000235","Census metropolitan area and census agglomeration","Total employed, all classes of workers","Services-producing sector","Persons","249","thousands","3","v1235027703","7.2.1.8","5573.8","","","","1"
"2019-06","Ontario","2016A000235","Census metropolitan area and census agglomeration","Total employed, all classes of workers","Services-producing sector","Persons","249","thousands","3","v1235027703","7.2.1.8","5585.2","","","","1"
"2019-07","Ontario","2016A000235","Census metropolitan area and census agglomeration","Total employed, all classes of workers","Services-producing sector","Persons","249","thousands","3","v1235027703","7.2.1.8","5545.5","","","","1"
"2019-08","Ontario","2016A000235","Census metropolitan area and census agglomeration","Total employed, all classes of workers","Services-producing sector","Persons","249","thousands","3","v1235027703","7.2.1.8","5584.2","","","","1"
"2019-09","Ontario","2016A000235","Census metropolitan area and census agglomeration","Total employed, all classes of workers","Services-producing sector","Persons","249","thousands","3","v1235027703","7.2.1.8","5550.1","","","","1"
"2019-10","Ontario","2016A000235","Census metropolitan area and census agglomeration","Total employed, all classes of workers","Services-producing sector","Persons","249","thousands","3","v1235027703","7.2.1.8","5588.5","","","","1"
"2019-11","Ontario","2016A000235","Census metropolitan area and census agglomeration","Total employed, all classes of workers","Services-producing sector","Persons","249","thousands","3","v1235027703","7.2.1.8","5625.5","","","","1"
"2019-12","Ontario","2016A000235","Census metropolitan area and census agglomeration","Total employed, all classes of workers","Services-producing sector","Persons","249","thousands","3","v1235027703","7.2.1.8","5635.6","","","","1"
"2020-01","Ontario","2016A000235","Census metropolitan area and census agglomeration","Total employed, all classes of workers","Services-producing sector","Persons","249","thousands","3","v1235027703","7.2.1.8","5579.8","","","","1"
"2020-02","Ontario","2016A000235","Census metropolitan area and census agglomeration","Total employed, all classes of workers","Services-producing sector","Persons","249","thousands","3","v1235027703","7.2.1.8","5571.5","","","","1"
"2020-03","Ontario","2016A000235","Census metropolitan area and census agglomeration","Total employed, all classes of workers","Services-producing sector","Persons","249","thousands","3","v1235027703","7.2.1.8","5165.9","","","","1"
"2020-04","Ontario","2016A000235","Census metropolitan area and census agglomeration","Total employed, all classes of workers","Services-producing sector","Persons","249","thousands","3","v1235027703","7.2.1.8","4730.5","","","","1"
"2020-05","Ontario","2016A000235","Census metropolitan area and census agglomeration","Total employed, all classes of workers","Services-producing sector","Persons","249","thousands","3","v1235027703","7.2.1.8","4733.3","","","","1"
"2020-06","Ontario","2016A000235","Census metropolitan area and census agglomeration","Total employed, all classes of workers","Services-producing sector","Persons","249","thousands","3","v1235027703","7.2.1.8","5018.7","","","","1"
"2020-07","Ontario","2016A000235","Census metropolitan area and census agglomeration","Total employed, all classes of workers","Services-producing sector","Persons","249","thousands","3","v1235027703","7.2.1.8","5103.9","","","","1"
"2020-08","Ontario","2016A000235","Census metropolitan area and census agglomeration","Total employed, all classes of workers","Services-producing sector","Persons","249","thousands","3","v1235027703","7.2.1.8","5223.4","","","","1"
"2020-09","Ontario","2016A000235","Census metropolitan area and census agglomeration","Total employed, all classes of workers","Services-producing sector","Persons","249","thousands","3","v1235027703","7.2.1.8","5321.7","","","","1"
"2020-10","Ontario","2016A000235","Census metropolitan area and census agglomeration","Total employed, all classes of workers","Services-producing sector","Persons","249","thousands","3","v1235027703","7.2.1.8","5382.6","","","","1"
"2020-11","Ontario","2016A000235","Census metropolitan area and census agglomeration","Total employed, all classes of workers","Services-producing sector","Persons","249","thousands","3","v1235027703","7.2.1.8","5434.7","","","","1"
"2020-12","Ontario","2016A000235","Census metropolitan area and census agglomeration","Total employed, all classes of workers","Services-producing sector","Persons","249","thousands","3","v1235027703","7.2.1.8","5376.6","","","","1"
"2021-01","Ontario","2016A000235","Census metropolitan area and census agglomeration","Total employed, all classes of workers","Services-producing sector","Persons","249","thousands","3","v1235027703","7.2.1.8","5175.9","","","","1"
"2021-02","Ontario","2016A000235","Census metropolitan area and census agglomeration","Total employed, all classes of workers","Services-producing sector","Persons","249","thousands","3","v1235027703","7.2.1.8","5309.6","","","","1"
"2021-03","Ontario","2016A000235","Census metropolitan area and census agglomeration","Total employed, all classes of workers","Services-producing sector","Persons","249","thousands","3","v1235027703","7.2.1.8","5445.8","","","","1"
"2021-04","Ontario","2016A000235","Census metropolitan area and census agglomeration","Total employed, all classes of workers","Services-producing sector","Persons","249","thousands","3","v1235027703","7.2.1.8","5363.5","","","","1"
"2021-05","Ontario","2016A000235","Census metropolitan area and census agglomeration","Total employed, all classes of workers","Services-producing sector","Persons","249","thousands","3","v1235027703","7.2.1.8","5391.0","","","","1"
"2021-06","Ontario","2016A000235","Census metropolitan area and census agglomeration","Total employed, all classes of workers","Services-producing sector","Persons","249","thousands","3","v1235027703","7.2.1.8","5525.7","","","","1"
"2021-07","Ontario","2016A000235","Census metropolitan area and census agglomeration","Total employed, all classes of workers","Services-producing sector","Persons","249","thousands","3","v1235027703","7.2.1.8","5576.3","","","","1"
"2021-08","Ontario","2016A000235","Census metropolitan area and census agglomeration","Total employed, all classes of workers","Services-producing sector","Persons","249","thousands","3","v1235027703","7.2.1.8","5594.2","","","","1"
"2021-09","Ontario","2016A000235","Census metropolitan area and census agglomeration","Total employed, all classes of workers","Services-producing sector","Persons","249","thousands","3","v1235027703","7.2.1.8","5648.2","","","","1"
"2021-10","Ontario","2016A000235","Census metropolitan area and census agglomeration","Total employed, all classes of workers","Services-producing sector","Persons","249","thousands","3","v1235027703","7.2.1.8","5692.1","","","","1"
"2021-11","Ontario","2016A000235","Census metropolitan area and census agglomeration","Total employed, all classes of workers","Services-producing sector","Persons","249","thousands","3","v1235027703","7.2.1.8","5761.1","","","","1"
"2021-12","Ontario","2016A000235","Census metropolitan area and census agglomeration","Total employed, all classes of workers","Services-producing sector","Persons","249","thousands","3","v1235027703","7.2.1.8","5780.9","","","","1"
"2022-01","Ontario","2016A000235","Census metropolitan area and census agglomeration","Total employed, all classes of workers","Services-producing sector","Persons","249","thousands","3","v1235027703","7.2.1.8","5578.8","","","","1"
"2022-02","Ontario","2016A000235","Census metropolitan area and census agglomeration","Total employed, all classes of workers","Services-producing sector","Persons","249","thousands","3","v1235027703","7.2.1.8","5745.9","","","","1"
"2022-03","Ontario","2016A000235","Census metropolitan area and census agglomeration","Total employed, all classes of workers","Services-producing sector","Persons","249","thousands","3","v1235027703","7.2.1.8","5734.5","","","","1"
"2022-04","Ontario","2016A000235","Census metropolitan area and census agglomeration","Total employed, all classes of workers","Services-producing sector","Persons","249","thousands","3","v1235027703","7.2.1.8","5747.1","","","","1"
"2022-05","Ontario","2016A000235","Census metropolitan area and census agglomeration","Total employed, all classes of workers","Services-producing sector","Persons","249","thousands","3","v1235027703","7.2.1.8","5851.8","","","","1"
"2022-06","Ontario","2016A000235","Census metropolitan area and census agglomeration","Total employed, all classes of workers","Services-producing sector","Persons","249","thousands","3","v1235027703","7.2.1.8","5844.6","","","","1"
"2022-07","Ontario","2016A000235","Census metropolitan area and census agglomeration","Total employed, all classes of workers","Services-producing sector","Persons","249","thousands","3","v1235027703","7.2.1.8","5786.4","","","","1"
"2022-08","Ontario","2016A000235","Census metropolitan area and census agglomeration","Total employed, all classes of workers","Services-producing sector","Persons","249","thousands","3","v1235027703","7.2.1.8","5750.9","","","","1"
"2022-09","Ontario","2016A000235","Census metropolitan area and census agglomeration","Total employed, all classes of workers","Services-producing sector","Persons","249","thousands","3","v1235027703","7.2.1.8","5673.5","","","","1"
"2022-10","Ontario","2016A000235","Census metropolitan area and census agglomeration","Total employed, all classes of workers","Services-producing sector","Persons","249","thousands","3","v1235027703","7.2.1.8","5745.7","","","","1"
"2022-11","Ontario","2016A000235","Census metropolitan area and census agglomeration","Total employed, all classes of workers","Services-producing sector","Persons","249","thousands","3","v1235027703","7.2.1.8","5769.4","","","","1"
"2022-12","Ontario","2016A000235","Census metropolitan area and census agglomeration","Total employed, all classes of workers","Services-producing sector","Persons","249","thousands","3","v1235027703","7.2.1.8","5793.1","","","","1"
"2023-01","Ontario","2016A000235","Census metropolitan area and census agglomeration","Total employed, all classes of workers","Services-producing sector","Persons","249","thousands","3","v1235027703","7.2.1.8","5807.9","","","","1"
"2023-02","Ontario","2016A000235","Census metropolitan area and census agglomeration","Total employed, all classes of workers","Services-producing sector","Persons","249","thousands","3","v1235027703","7.2.1.8","5819.1","","","","1"
"2011-01","Ontario","2016A000235","Non-census metropolitan area and non-census agglomeration","Total employed, all classes of workers","Services-producing sector","Persons","249","thousands","3","v1235027931","7.6.1.8","475.0","","","","1"
"2011-02","Ontario","2016A000235","Non-census metropolitan area and non-census agglomeration","Total employed, all classes of workers","Services-producing sector","Persons","249","thousands","3","v1235027931","7.6.1.8","486.9","","","","1"
"2011-03","Ontario","2016A000235","Non-census metropolitan area and non-census agglomeration","Total employed, all classes of workers","Services-producing sector","Persons","249","thousands","3","v1235027931","7.6.1.8","472.9","","","","1"
"2011-04","Ontario","2016A000235","Non-census metropolitan area and non-census agglomeration","Total employed, all classes of workers","Services-producing sector","Persons","249","thousands","3","v1235027931","7.6.1.8","478.3","","","","1"
"2011-05","Ontario","2016A000235","Non-census metropolitan area and non-census agglomeration","Total employed, all classes of workers","Services-producing sector","Persons","249","thousands","3","v1235027931","7.6.1.8","491.1","","","","1"
"2011-06","Ontario","2016A000235","Non-census metropolitan area and non-census agglomeration","Total employed, all classes of workers","Services-producing sector","Persons","249","thousands","3","v1235027931","7.6.1.8","504.3","","","","1"
"2011-07","Ontario","2016A000235","Non-census metropolitan area and non-census agglomeration","Total employed, all classes of workers","Services-producing sector","Persons","249","thousands","3","v1235027931","7.6.1.8","490.1","","","","1"
"2011-08","Ontario","2016A000235","Non-census metropolitan area and non-census agglomeration","Total employed, all classes of workers","Services-producing sector","Persons","249","thousands","3","v1235027931","7.6.1.8","477.2","","","","1"
"2011-09","Ontario","2016A000235","Non-census metropolitan area and non-census agglomeration","Total employed, all classes of workers","Services-producing sector","Persons","249","thousands","3","v1235027931","7.6.1.8","477.9","","","","1"
"2011-10","Ontario","2016A000235","Non-census metropolitan area and non-census agglomeration","Total employed, all classes of workers","Services-producing sector","Persons","249","thousands","3","v1235027931","7.6.1.8","469.7","","","","1"
"2011-11","Ontario","2016A000235","Non-census metropolitan area and non-census agglomeration","Total employed, all classes of workers","Services-producing sector","Persons","249","thousands","3","v1235027931","7.6.1.8","451.5","","","","1"
"2011-12","Ontario","2016A000235","Non-census metropolitan area and non-census agglomeration","Total employed, all classes of workers","Services-producing sector","Persons","249","thousands","3","v1235027931","7.6.1.8","449.7","","","","1"
"2012-01","Ontario","2016A000235","Non-census metropolitan area and non-census agglomeration","Total employed, all classes of workers","Services-producing sector","Persons","249","thousands","3","v1235027931","7.6.1.8","437.8","","","","1"
"2012-02","Ontario","2016A000235","Non-census metropolitan area and non-census agglomeration","Total employed, all classes of workers","Services-producing sector","Persons","249","thousands","3","v1235027931","7.6.1.8","441.7","","","","1"
"2012-03","Ontario","2016A000235","Non-census metropolitan area and non-census agglomeration","Total employed, all classes of workers","Services-producing sector","Persons","249","thousands","3","v1235027931","7.6.1.8","439.4","","","","1"
"2012-04","Ontario","2016A000235","Non-census metropolitan area and non-census agglomeration","Total employed, all classes of workers","Services-producing sector","Persons","249","thousands","3","v1235027931","7.6.1.8","441.0","","","","1"
"2012-05","Ontario","2016A000235","Non-census metropolitan area and non-census agglomeration","Total employed, all classes of workers","Services-producing sector","Persons","249","thousands","3","v1235027931","7.6.1.8","453.4","","","","1"
"2012-06","Ontario","2016A000235","Non-census metropolitan area and non-census agglomeration","Total employed, all classes of workers","Services-producing sector","Persons","249","thousands","3","v1235027931","7.6.1.8","460.2","","","","1"
"2012-07","Ontario","2016A000235","Non-census metropolitan area and non-census agglomeration","Total employed, all classes of workers","Services-producing sector","Persons","249","thousands","3","v1235027931","7.6.1.8","459.0","","","","1"
"2012-08","Ontario","2016A000235","Non-census metropolitan area and non-census agglomeration","Total employed, all classes of workers","Services-producing sector","Persons","249","thousands","3","v1235027931","7.6.1.8","456.3","","","","1"
"2012-09","Ontario","2016A000235","Non-census metropolitan area and non-census agglomeration","Total employed, all classes of workers","Services-producing sector","Persons","249","thousands","3","v1235027931","7.6.1.8","449.2","","","","1"
"2012-10","Ontario","2016A000235","Non-census metropolitan area and non-census agglomeration","Total employed, all classes of workers","Services-producing sector","Persons","249","thousands","3","v1235027931","7.6.1.8","438.8","","","","1"
"2012-11","Ontario","2016A000235","Non-census metropolitan area and non-census agglomeration","Total employed, all classes of workers","Services-producing sector","Persons","249","thousands","3","v1235027931","7.6.1.8","436.5","","","","1"
"2012-12","Ontario","2016A000235","Non-census metropolitan area and non-census agglomeration","Total employed, all classes of workers","Services-producing sector","Persons","249","thousands","3","v1235027931","7.6.1.8","438.4","","","","1"
"2013-01","Ontario","2016A000235","Non-census metropolitan area and non-census agglomeration","Total employed, all classes of workers","Services-producing sector","Persons","249","thousands","3","v1235027931","7.6.1.8","428.9","","","","1"
"2013-02","Ontario","2016A000235","Non-census metropolitan area and non-census agglomeration","Total employed, all classes of workers","Services-producing sector","Persons","249","thousands","3","v1235027931","7.6.1.8","452.7","","","","1"
"2013-03","Ontario","2016A000235","Non-census metropolitan area and non-census agglomeration","Total employed, all classes of workers","Services-producing sector","Persons","249","thousands","3","v1235027931","7.6.1.8","465.9","","","","1"
"2013-04","Ontario","2016A000235","Non-census metropolitan area and non-census agglomeration","Total employed, all classes of workers","Services-producing sector","Persons","249","thousands","3","v1235027931","7.6.1.8","463.1","","","","1"
"2013-05","Ontario","2016A000235","Non-census metropolitan area and non-census agglomeration","Total employed, all classes of workers","Services-producing sector","Persons","249","thousands","3","v1235027931","7.6.1.8","482.4","","","","1"
"2013-06","Ontario","2016A000235","Non-census metropolitan area and non-census agglomeration","Total employed, all classes of workers","Services-producing sector","Persons","249","thousands","3","v1235027931","7.6.1.8","482.7","","","","1"
"2013-07","Ontario","2016A000235","Non-census metropolitan area and non-census agglomeration","Total employed, all classes of workers","Services-producing sector","Persons","249","thousands","3","v1235027931","7.6.1.8","476.4","","","","1"
"2013-08","Ontario","2016A000235","Non-census metropolitan area and non-census agglomeration","Total employed, all classes of workers","Services-producing sector","Persons","249","thousands","3","v1235027931","7.6.1.8","482.8","","","","1"
"2013-09","Ontario","2016A000235","Non-census metropolitan area and non-census agglomeration","Total employed, all classes of workers","Services-producing sector","Persons","249","thousands","3","v1235027931","7.6.1.8","471.2","","","","1"
"2013-10","Ontario","2016A000235","Non-census metropolitan area and non-census agglomeration","Total employed, all classes of workers","Services-producing sector","Persons","249","thousands","3","v1235027931","7.6.1.8","464.6","","","","1"
"2013-11","Ontario","2016A000235","Non-census metropolitan area and non-census agglomeration","Total employed, all classes of workers","Services-producing sector","Persons","249","thousands","3","v1235027931","7.6.1.8","458.6","","","","1"
"2013-12","Ontario","2016A000235","Non-census metropolitan area and non-census agglomeration","Total employed, all classes of workers","Services-producing sector","Persons","249","thousands","3","v1235027931","7.6.1.8","452.0","","","","1"
"2014-01","Ontario","2016A000235","Non-census metropolitan area and non-census agglomeration","Total employed, all classes of workers","Services-producing sector","Persons","249","thousands","3","v1235027931","7.6.1.8","461.6","","","","1"
"2014-02","Ontario","2016A000235","Non-census metropolitan area and non-census agglomeration","Total employed, all classes of workers","Services-producing sector","Persons","249","thousands","3","v1235027931","7.6.1.8","463.0","","","","1"
"2014-03","Ontario","2016A000235","Non-census metropolitan area and non-census agglomeration","Total employed, all classes of workers","Services-producing sector","Persons","249","thousands","3","v1235027931","7.6.1.8","454.6","","","","1"
"2014-04","Ontario","2016A000235","Non-census metropolitan area and non-census agglomeration","Total employed, all classes of workers","Services-producing sector","Persons","249","thousands","3","v1235027931","7.6.1.8","468.0","","","","1"
"2014-05","Ontario","2016A000235","Non-census metropolitan area and non-census agglomeration","Total employed, all classes of workers","Services-producing sector","Persons","249","thousands","3","v1235027931","7.6.1.8","497.6","","","","1"
"2014-06","Ontario","2016A000235","Non-census metropolitan area and non-census agglomeration","Total employed, all classes of workers","Services-producing sector","Persons","249","thousands","3","v1235027931","7.6.1.8","505.1","","","","1"
"2014-07","Ontario","2016A000235","Non-census metropolitan area and non-census agglomeration","Total employed, all classes of workers","Services-producing sector","Persons","249","thousands","3","v1235027931","7.6.1.8","505.6","","","","1"
"2014-08","Ontario","2016A000235","Non-census metropolitan area and non-census agglomeration","Total employed, all classes of workers","Services-producing sector","Persons","249","thousands","3","v1235027931","7.6.1.8","480.4","","","","1"
"2014-09","Ontario","2016A000235","Non-census metropolitan area and non-census agglomeration","Total employed, all classes of workers","Services-producing sector","Persons","249","thousands","3","v1235027931","7.6.1.8","463.6","","","","1"
"2014-10","Ontario","2016A000235","Non-census metropolitan area and non-census agglomeration","Total employed, all classes of workers","Services-producing sector","Persons","249","thousands","3","v1235027931","7.6.1.8","465.4","","","","1"
"2014-11","Ontario","2016A000235","Non-census metropolitan area and non-census agglomeration","Total employed, all classes of workers","Services-producing sector","Persons","249","thousands","3","v1235027931","7.6.1.8","449.3","","","","1"
"2014-12","Ontario","2016A000235","Non-census metropolitan area and non-census agglomeration","Total employed, all classes of workers","Services-producing sector","Persons","249","thousands","3","v1235027931","7.6.1.8","458.4","","","","1"
"2015-01","Ontario","2016A000235","Non-census metropolitan area and non-census agglomeration","Total employed, all classes of workers","Services-producing sector","Persons","249","thousands","3","v1235027931","7.6.1.8","450.7","","","","1"
"2015-02","Ontario","2016A000235","Non-census metropolitan area and non-census agglomeration","Total employed, all classes of workers","Services-producing sector","Persons","249","thousands","3","v1235027931","7.6.1.8","453.7","","","","1"
"2015-03","Ontario","2016A000235","Non-census metropolitan area and non-census agglomeration","Total employed, all classes of workers","Services-producing sector","Persons","249","thousands","3","v1235027931","7.6.1.8","450.6","","","","1"
"2015-04","Ontario","2016A000235","Non-census metropolitan area and non-census agglomeration","Total employed, all classes of workers","Services-producing sector","Persons","249","thousands","3","v1235027931","7.6.1.8","459.2","","","","1"
"2015-05","Ontario","2016A000235","Non-census metropolitan area and non-census agglomeration","Total employed, all classes of workers","Services-producing sector","Persons","249","thousands","3","v1235027931","7.6.1.8","481.1","","","","1"
"2015-06","Ontario","2016A000235","Non-census metropolitan area and non-census agglomeration","Total employed, all classes of workers","Services-producing sector","Persons","249","thousands","3","v1235027931","7.6.1.8","486.4","","","","1"
"2015-07","Ontario","2016A000235","Non-census metropolitan area and non-census agglomeration","Total employed, all classes of workers","Services-producing sector","Persons","249","thousands","3","v1235027931","7.6.1.8","477.3","","","","1"
"2015-08","Ontario","2016A000235","Non-census metropolitan area and non-census agglomeration","Total employed, all classes of workers","Services-producing sector","Persons","249","thousands","3","v1235027931","7.6.1.8","466.2","","","","1"
"2015-09","Ontario","2016A000235","Non-census metropolitan area and non-census agglomeration","Total employed, all classes of workers","Services-producing sector","Persons","249","thousands","3","v1235027931","7.6.1.8","469.1","","","","1"
"2015-10","Ontario","2016A000235","Non-census metropolitan area and non-census agglomeration","Total employed, all classes of workers","Services-producing sector","Persons","249","thousands","3","v1235027931","7.6.1.8","462.7","","","","1"
"2015-11","Ontario","2016A000235","Non-census metropolitan area and non-census agglomeration","Total employed, all classes of workers","Services-producing sector","Persons","249","thousands","3","v1235027931","7.6.1.8","449.6","","","","1"
"2015-12","Ontario","2016A000235","Non-census metropolitan area and non-census agglomeration","Total employed, all classes of workers","Services-producing sector","Persons","249","thousands","3","v1235027931","7.6.1.8","436.4","","","","1"
"2016-01","Ontario","2016A000235","Non-census metropolitan area and non-census agglomeration","Total employed, all classes of workers","Services-producing sector","Persons","249","thousands","3","v1235027931","7.6.1.8","419.8","","","","1"
"2016-02","Ontario","2016A000235","Non-census metropolitan area and non-census agglomeration","Total employed, all classes of workers","Services-producing sector","Persons","249","thousands","3","v1235027931","7.6.1.8","414.0","","","","1"
"2016-03","Ontario","2016A000235","Non-census metropolitan area and non-census agglomeration","Total employed, all classes of workers","Services-producing sector","Persons","249","thousands","3","v1235027931","7.6.1.8","420.3","","","","1"
"2016-04","Ontario","2016A000235","Non-census metropolitan area and non-census agglomeration","Total employed, all classes of workers","Services-producing sector","Persons","249","thousands","3","v1235027931","7.6.1.8","432.1","","","","1"
"2016-05","Ontario","2016A000235","Non-census metropolitan area and non-census agglomeration","Total employed, all classes of workers","Services-producing sector","Persons","249","thousands","3","v1235027931","7.6.1.8","477.9","","","","1"
"2016-06","Ontario","2016A000235","Non-census metropolitan area and non-census agglomeration","Total employed, all classes of workers","Services-producing sector","Persons","249","thousands","3","v1235027931","7.6.1.8","466.0","","","","1"
"2016-07","Ontario","2016A000235","Non-census metropolitan area and non-census agglomeration","Total employed, all classes of workers","Services-producing sector","Persons","249","thousands","3","v1235027931","7.6.1.8","457.2","","","","1"
"2016-08","Ontario","2016A000235","Non-census metropolitan area and non-census agglomeration","Total employed, all classes of workers","Services-producing sector","Persons","249","thousands","3","v1235027931","7.6.1.8","475.1","","","","1"
"2016-09","Ontario","2016A000235","Non-census metropolitan area and non-census agglomeration","Total employed, all classes of workers","Services-producing sector","Persons","249","thousands","3","v1235027931","7.6.1.8","499.2","","","","1"
"2016-10","Ontario","2016A000235","Non-census metropolitan area and non-census agglomeration","Total employed, all classes of workers","Services-producing sector","Persons","249","thousands","3","v1235027931","7.6.1.8","502.4","","","","1"
"2016-11","Ontario","2016A000235","Non-census metropolitan area and non-census agglomeration","Total employed, all classes of workers","Services-producing sector","Persons","249","thousands","3","v1235027931","7.6.1.8","483.4","","","","1"
"2016-12","Ontario","2016A000235","Non-census metropolitan area and non-census agglomeration","Total employed, all classes of workers","Services-producing sector","Persons","249","thousands","3","v1235027931","7.6.1.8","481.3","","","","1"
"2017-01","Ontario","2016A000235","Non-census metropolitan area and non-census agglomeration","Total employed, all classes of workers","Services-producing sector","Persons","249","thousands","3","v1235027931","7.6.1.8","471.4","","","","1"
"2017-02","Ontario","2016A000235","Non-census metropolitan area and non-census agglomeration","Total employed, all classes of workers","Services-producing sector","Persons","249","thousands","3","v1235027931","7.6.1.8","461.8","","","","1"
"2017-03","Ontario","2016A000235","Non-census metropolitan area and non-census agglomeration","Total employed, all classes of workers","Services-producing sector","Persons","249","thousands","3","v1235027931","7.6.1.8","436.7","","","","1"
"2017-04","Ontario","2016A000235","Non-census metropolitan area and non-census agglomeration","Total employed, all classes of workers","Services-producing sector","Persons","249","thousands","3","v1235027931","7.6.1.8","428.6","","","","1"
"2017-05","Ontario","2016A000235","Non-census metropolitan area and non-census agglomeration","Total employed, all classes of workers","Services-producing sector","Persons","249","thousands","3","v1235027931","7.6.1.8","441.3","","","","1"
"2017-06","Ontario","2016A000235","Non-census metropolitan area and non-census agglomeration","Total employed, all classes of workers","Services-producing sector","Persons","249","thousands","3","v1235027931","7.6.1.8","434.9","","","","1"
"2017-07","Ontario","2016A000235","Non-census metropolitan area and non-census agglomeration","Total employed, all classes of workers","Services-producing sector","Persons","249","thousands","3","v1235027931","7.6.1.8","429.2","","","","1"
"2017-08","Ontario","2016A000235","Non-census metropolitan area and non-census agglomeration","Total employed, all classes of workers","Services-producing sector","Persons","249","thousands","3","v1235027931","7.6.1.8","421.1","","","","1"
"2017-09","Ontario","2016A000235","Non-census metropolitan area and non-census agglomeration","Total employed, all classes of workers","Services-producing sector","Persons","249","thousands","3","v1235027931","7.6.1.8","421.6","","","","1"
"2017-10","Ontario","2016A000235","Non-census metropolitan area and non-census agglomeration","Total employed, all classes of workers","Services-producing sector","Persons","249","thousands","3","v1235027931","7.6.1.8","433.2","","","","1"
"2017-11","Ontario","2016A000235","Non-census metropolitan area and non-census agglomeration","Total employed, all classes of workers","Services-producing sector","Persons","249","thousands","3","v1235027931","7.6.1.8","438.1","","","","1"
"2017-12","Ontario","2016A000235","Non-census metropolitan area and non-census agglomeration","Total employed, all classes of workers","Services-producing sector","Persons","249","thousands","3","v1235027931","7.6.1.8","436.9","","","","1"
"2018-01","Ontario","2016A000235","Non-census metropolitan area and non-census agglomeration","Total employed, all classes of workers","Services-producing sector","Persons","249","thousands","3","v1235027931","7.6.1.8","433.9","","","","1"
"2018-02","Ontario","2016A000235","Non-census metropolitan area and non-census agglomeration","Total employed, all classes of workers","Services-producing sector","Persons","249","thousands","3","v1235027931","7.6.1.8","427.9","","","","1"
"2018-03","Ontario","2016A000235","Non-census metropolitan area and non-census agglomeration","Total employed, all classes of workers","Services-producing sector","Persons","249","thousands","3","v1235027931","7.6.1.8","424.2","","","","1"
"2018-04","Ontario","2016A000235","Non-census metropolitan area and non-census agglomeration","Total employed, all classes of workers","Services-producing sector","Persons","249","thousands","3","v1235027931","7.6.1.8","423.9","","","","1"
"2018-05","Ontario","2016A000235","Non-census metropolitan area and non-census agglomeration","Total employed, all classes of workers","Services-producing sector","Persons","249","thousands","3","v1235027931","7.6.1.8","440.5","","","","1"
"2018-06","Ontario","2016A000235","Non-census metropolitan area and non-census agglomeration","Total employed, all classes of workers","Services-producing sector","Persons","249","thousands","3","v1235027931","7.6.1.8","445.4","","","","1"
"2018-07","Ontario","2016A000235","Non-census metropolitan area and non-census agglomeration","Total employed, all classes of workers","Services-producing sector","Persons","249","thousands","3","v1235027931","7.6.1.8","439.6","","","","1"
"2018-08","Ontario","2016A000235","Non-census metropolitan area and non-census agglomeration","Total employed, all classes of workers","Services-producing sector","Persons","249","thousands","3","v1235027931","7.6.1.8","450.4","","","","1"
"2018-09","Ontario","2016A000235","Non-census metropolitan area and non-census agglomeration","Total employed, all classes of workers","Services-producing sector","Persons","249","thousands","3","v1235027931","7.6.1.8","450.6","","","","1"
"2018-10","Ontario","2016A000235","Non-census metropolitan area and non-census agglomeration","Total employed, all classes of workers","Services-producing sector","Persons","249","thousands","3","v1235027931","7.6.1.8","434.5","","","","1"
"2018-11","Ontario","2016A000235","Non-census metropolitan area and non-census agglomeration","Total employed, all classes of workers","Services-producing sector","Persons","249","thousands","3","v1235027931","7.6.1.8","428.8","","","","1"
"2018-12","Ontario","2016A000235","Non-census metropolitan area and non-census agglomeration","Total employed, all classes of workers","Services-producing sector","Persons","249","thousands","3","v1235027931","7.6.1.8","412.4","","","","1"
"2019-01","Ontario","2016A000235","Non-census metropolitan area and non-census agglomeration","Total employed, all classes of workers","Services-producing sector","Persons","249","thousands","3","v1235027931","7.6.1.8","388.7","","","","1"
"2019-02","Ontario","2016A000235","Non-census metropolitan area and non-census agglomeration","Total employed, all classes of workers","Services-producing sector","Persons","249","thousands","3","v1235027931","7.6.1.8","404.1","","","","1"
"2019-03","Ontario","2016A000235","Non-census metropolitan area and non-census agglomeration","Total employed, all classes of workers","Services-producing sector","Persons","249","thousands","3","v1235027931","7.6.1.8","399.7","","","","1"
"2019-04","Ontario","2016A000235","Non-census metropolitan area and non-census agglomeration","Total employed, all classes of workers","Services-producing sector","Persons","249","thousands","3","v1235027931","7.6.1.8","414.0","","","","1"
"2019-05","Ontario","2016A000235","Non-census metropolitan area and non-census agglomeration","Total employed, all classes of workers","Services-producing sector","Persons","249","thousands","3","v1235027931","7.6.1.8","437.7","","","","1"
"2019-06","Ontario","2016A000235","Non-census metropolitan area and non-census agglomeration","Total employed, all classes of workers","Services-producing sector","Persons","249","thousands","3","v1235027931","7.6.1.8","442.1","","","","1"
"2019-07","Ontario","2016A000235","Non-census metropolitan area and non-census agglomeration","Total employed, all classes of workers","Services-producing sector","Persons","249","thousands","3","v1235027931","7.6.1.8","423.4","","","","1"
"2019-08","Ontario","2016A000235","Non-census metropolitan area and non-census agglomeration","Total employed, all classes of workers","Services-producing sector","Persons","249","thousands","3","v1235027931","7.6.1.8","418.8","","","","1"
"2019-09","Ontario","2016A000235","Non-census metropolitan area and non-census agglomeration","Total employed, all classes of workers","Services-producing sector","Persons","249","thousands","3","v1235027931","7.6.1.8","417.0","","","","1"
"2019-10","Ontario","2016A000235","Non-census metropolitan area and non-census agglomeration","Total employed, all classes of workers","Services-producing sector","Persons","249","thousands","3","v1235027931","7.6.1.8","399.4","","","","1"
"2019-11","Ontario","2016A000235","Non-census metropolitan area and non-census agglomeration","Total employed, all classes of workers","Services-producing sector","Persons","249","thousands","3","v1235027931","7.6.1.8","395.9","","","","1"
"2019-12","Ontario","2016A000235","Non-census metropolitan area and non-census agglomeration","Total employed, all classes of workers","Services-producing sector","Persons","249","thousands","3","v1235027931","7.6.1.8","402.1","","","","1"
"2020-01","Ontario","2016A000235","Non-census metropolitan area and non-census agglomeration","Total employed, all classes of workers","Services-producing sector","Persons","249","thousands","3","v1235027931","7.6.1.8","399.0","","","","1"
"2020-02","Ontario","2016A000235","Non-census metropolitan area and non-census agglomeration","Total employed, all classes of workers","Services-producing sector","Persons","249","thousands","3","v1235027931","7.6.1.8","396.8","","","","1"
"2020-03","Ontario","2016A000235","Non-census metropolitan area and non-census agglomeration","Total employed, all classes of workers","Services-producing sector","Persons","249","thousands","3","v1235027931","7.6.1.8","385.6","","","","1"
"2020-04","Ontario","2016A000235","Non-census metropolitan area and non-census agglomeration","Total employed, all classes of workers","Services-producing sector","Persons","249","thousands","3","v1235027931","7.6.1.8","359.4","","","","1"
"2020-05","Ontario","2016A000235","Non-census metropolitan area and non-census agglomeration","Total employed, all classes of workers","Services-producing sector","Persons","249","thousands","3","v1235027931","7.6.1.8","360.6","","","","1"
"2020-06","Ontario","2016A000235","Non-census metropolitan area and non-census agglomeration","Total employed, all classes of workers","Services-producing sector","Persons","249","thousands","3","v1235027931","7.6.1.8","390.9","","","","1"
"2020-07","Ontario","2016A000235","Non-census metropolitan area and non-census agglomeration","Total employed, all classes of workers","Services-producing sector","Persons","249","thousands","3","v1235027931","7.6.1.8","392.1","","","","1"
"2020-08","Ontario","2016A000235","Non-census metropolitan area and non-census agglomeration","Total employed, all classes of workers","Services-producing sector","Persons","249","thousands","3","v1235027931","7.6.1.8","404.6","","","","1"
"2020-09","Ontario","2016A000235","Non-census metropolitan area and non-census agglomeration","Total employed, all classes of workers","Services-producing sector","Persons","249","thousands","3","v1235027931","7.6.1.8","401.4","","","","1"
"2020-10","Ontario","2016A000235","Non-census metropolitan area and non-census agglomeration","Total employed, all classes of workers","Services-producing sector","Persons","249","thousands","3","v1235027931","7.6.1.8","408.2","","","","1"
"2020-11","Ontario","2016A000235","Non-census metropolitan area and non-census agglomeration","Total employed, all classes of workers","Services-producing sector","Persons","249","thousands","3","v1235027931","7.6.1.8","382.8","","","","1"
"2020-12","Ontario","2016A000235","Non-census metropolitan area and non-census agglomeration","Total employed, all classes of workers","Services-producing sector","Persons","249","thousands","3","v1235027931","7.6.1.8","400.3","","","","1"
"2021-01","Ontario","2016A000235","Non-census metropolitan area and non-census agglomeration","Total employed, all classes of workers","Services-producing sector","Persons","249","thousands","3","v1235027931","7.6.1.8","389.3","","","","1"
"2021-02","Ontario","2016A000235","Non-census metropolitan area and non-census agglomeration","Total employed, all classes of workers","Services-producing sector","Persons","249","thousands","3","v1235027931","7.6.1.8","395.1","","","","1"
"2021-03","Ontario","2016A000235","Non-census metropolitan area and non-census agglomeration","Total employed, all classes of workers","Services-producing sector","Persons","249","thousands","3","v1235027931","7.6.1.8","391.7","","","","1"
"2021-04","Ontario","2016A000235","Non-census metropolitan area and non-census agglomeration","Total employed, all classes of workers","Services-producing sector","Persons","249","thousands","3","v1235027931","7.6.1.8","384.8","","","","1"
"2021-05","Ontario","2016A000235","Non-census metropolitan area and non-census agglomeration","Total employed, all classes of workers","Services-producing sector","Persons","249","thousands","3","v1235027931","7.6.1.8","408.5","","","","1"
"2021-06","Ontario","2016A000235","Non-census metropolitan area and non-census agglomeration","Total employed, all classes of workers","Services-producing sector","Persons","249","thousands","3","v1235027931","7.6.1.8","418.8","","","","1"
"2021-07","Ontario","2016A000235","Non-census metropolitan area and non-census agglomeration","Total employed, all classes of workers","Services-producing sector","Persons","249","thousands","3","v1235027931","7.6.1.8","403.1","","","","1"
"2021-08","Ontario","2016A000235","Non-census metropolitan area and non-census agglomeration","Total employed, all classes of workers","Services-producing sector","Persons","249","thousands","3","v1235027931","7.6.1.8","403.4","","","","1"
"2021-09","Ontario","2016A000235","Non-census metropolitan area and non-census agglomeration","Total employed, all classes of workers","Services-producing sector","Persons","249","thousands","3","v1235027931","7.6.1.8","411.1","","","","1"
"2021-10","Ontario","2016A000235","Non-census metropolitan area and non-census agglomeration","Total employed, all classes of workers","Services-producing sector","Persons","249","thousands","3","v1235027931","7.6.1.8","417.5","","","","1"
"2021-11","Ontario","2016A000235","Non-census metropolitan area and non-census agglomeration","Total employed, all classes of workers","Services-producing sector","Persons","249","thousands","3","v1235027931","7.6.1.8","412.8","","","","1"
"2021-12","Ontario","2016A000235","Non-census metropolitan area and non-census agglomeration","Total employed, all classes of workers","Services-producing sector","Persons","249","thousands","3","v1235027931","7.6.1.8","424.7","","","","1"
"2022-01","Ontario","2016A000235","Non-census metropolitan area and non-census agglomeration","Total employed, all classes of workers","Services-producing sector","Persons","249","thousands","3","v1235027931","7.6.1.8","400.8","","","","1"
"2022-02","Ontario","2016A000235","Non-census metropolitan area and non-census agglomeration","Total employed, all classes of workers","Services-producing sector","Persons","249","thousands","3","v1235027931","7.6.1.8","421.5","","","","1"
"2022-03","Ontario","2016A000235","Non-census metropolitan area and non-census agglomeration","Total employed, all classes of workers","Services-producing sector","Persons","249","thousands","3","v1235027931","7.6.1.8","419.1","","","","1"
"2022-04","Ontario","2016A000235","Non-census metropolitan area and non-census agglomeration","Total employed, all classes of workers","Services-producing sector","Persons","249","thousands","3","v1235027931","7.6.1.8","444.7","","","","1"
"2022-05","Ontario","2016A000235","Non-census metropolitan area and non-census agglomeration","Total employed, all classes of workers","Services-producing sector","Persons","249","thousands","3","v1235027931","7.6.1.8","442.2","","","","1"
"2022-06","Ontario","2016A000235","Non-census metropolitan area and non-census agglomeration","Total employed, all classes of workers","Services-producing sector","Persons","249","thousands","3","v1235027931","7.6.1.8","434.6","","","","1"
"2022-07","Ontario","2016A000235","Non-census metropolitan area and non-census agglomeration","Total employed, all classes of workers","Services-producing sector","Persons","249","thousands","3","v1235027931","7.6.1.8","435.5","","","","1"
"2022-08","Ontario","2016A000235","Non-census metropolitan area and non-census agglomeration","Total employed, all classes of workers","Services-producing sector","Persons","249","thousands","3","v1235027931","7.6.1.8","437.9","","","","1"
"2022-09","Ontario","2016A000235","Non-census metropolitan area and non-census agglomeration","Total employed, all classes of workers","Services-producing sector","Persons","249","thousands","3","v1235027931","7.6.1.8","454.1","","","","1"
"2022-10","Ontario","2016A000235","Non-census metropolitan area and non-census agglomeration","Total employed, all classes of workers","Services-producing sector","Persons","249","thousands","3","v1235027931","7.6.1.8","448.7","","","","1"
"2022-11","Ontario","2016A000235","Non-census metropolitan area and non-census agglomeration","Total employed, all classes of workers","Services-producing sector","Persons","249","thousands","3","v1235027931","7.6.1.8","444.8","","","","1"
"2022-12","Ontario","2016A000235","Non-census metropolitan area and non-census agglomeration","Total employed, all classes of workers","Services-producing sector","Persons","249","thousands","3","v1235027931","7.6.1.8","451.6","","","","1"
"2023-01","Ontario","2016A000235","Non-census metropolitan area and non-census agglomeration","Total employed, all classes of workers","Services-producing sector","Persons","249","thousands","3","v1235027931","7.6.1.8","424.2","","","","1"
"2023-02","Ontario","2016A000235","Non-census metropolitan area and non-census agglomeration","Total employed, all classes of workers","Services-producing sector","Persons","249","thousands","3","v1235027931","7.6.1.8","441.2","","","","1"


